symbol,conid,conidex,exchange
EFTR,510916208,510916208,NASDAQ.SCM
MTL,217681130,217681130,NYSE
KAVL,503836653,503836653,NASDAQ.SCM
OG,489397872,489397872,NYSE
SRZN,507790363,507790363,NASDAQ.SCM
ZIOP,30210855,30210855,NASDAQ.NMS
ADAP,193517767,193517767,NASDAQ.NMS
BBIG,454837082,454837082,NASDAQ.SCM
OPAD,511811229,511811229,NYSE
CADL,504262800,504262800,NASDAQ.NMS
CLOV,464040647,464040647,NASDAQ.NMS
STAB,511979559,511979559,NASDAQ.SCM
SOAC,427737350,427737350,NYSE
GPCOR,505405581,505405581,NASDAQ.SCM
IRS WS,492142902,492142902,NYSE
METC,264549084,264549084,NASDAQ.NMS
NAK,30214352,30214352,AMEX
RNXT,507487620,507487620,NASDAQ.SCM
YI,332383670,332383670,NASDAQ.NMS
ABOS,499901350,499901350,NASDAQ.NMS
LITB,128835281,128835281,NYSE
AEI,469676853,469676853,NASDAQ.SCM
CEI,389073959,389073959,AMEX
RLX,466739489,466739489,NYSE
BEKE,439236278,439236278,NYSE
ENVB,463080244,463080244,NASDAQ.SCM
CXP,135975631,135975631,NYSE
IMNM,448366616,448366616,NASDAQ.SCM
TNGX,507643527,507643527,NASDAQ.SCM
SONM,365628913,365628913,NASDAQ.SCM
ATIF,511470153,511470153,NASDAQ.SCM
MTL PR,75103361,75103361,NYSE
ABVC,488955661,488955661,NASDAQ.SCM
HCWB,502415495,502415495,NASDAQ.NMS
IFRX,295404306,295404306,NASDAQ.NMS
IRNT,510685728,510685728,NYSE
RNA,426832590,426832590,NASDAQ.NMS
TNDM,291995344,291995344,NASDAQ.NMS
CLIR,106634169,106634169,NASDAQ.SCM
CEPU,305095834,305095834,NYSE
DUO,390040946,390040946,NASDAQ.NMS
OPP RT,511289622,511289622,NYSE
CELU,503296339,503296339,NASDAQ.SCM
CRMD,357214541,357214541,NASDAQ.NMS
SHCR,500608506,500608506,NASDAQ.NMS
FWP,394812168,394812168,NASDAQ.SCM
JAGX,370361679,370361679,NASDAQ.SCM
FBRX,427382272,427382272,NASDAQ.SCM
SQBG,436536545,436536545,NASDAQ.SCM
ABSI,504239576,504239576,NASDAQ.NMS
CDZI,4728102,4728102,NASDAQ.NMS
WPG,460497712,460497712,NYSE
FFIE,504234900,504234900,NASDAQ.NMS
BTCM,481677953,481677953,NYSE
AGIL,510459523,510459523,NASDAQ.SCM
APLS,295518928,295518928,NASDAQ.NMS
HIBB,42870965,42870965,NASDAQ.NMS
EVLV,503286174,503286174,NASDAQ.SCM
AVPT,500588337,500588337,NASDAQ.NMS
NRXP,493462362,493462362,NASDAQ.NMS
PTRA,496878939,496878939,NASDAQ.NMS
APOP,386550369,386550369,NASDAQ.SCM
LIDR,508784734,508784734,NASDAQ.SCM
DNMR,462575805,462575805,NYSE
DOMA,504996328,504996328,NYSE
ASTR,500275221,500275221,NASDAQ.NMS
SMRT,510459516,510459516,NYSE
SPRT,262828360,262828360,NASDAQ.SCM
MIMO,507814608,507814608,AMEX
HYZN,503286178,503286178,NASDAQ.NMS
PETV,462897647,462897647,NASDAQ.SCM
MKFG,502055969,502055969,NYSE
SOPH,504091775,504091775,NASDAQ.NMS
CLAQR,506470936,506470936,NASDAQ.SCM
PAYO,499621117,499621117,NASDAQ.NMS
SGOC,220455284,220455284,NASDAQ.SCM
AVCO,258014664,258014664,NASDAQ.SCM
BYSI,269026219,269026219,NASDAQ.SCM
SPIR,508112670,508112670,NYSE
IMRX,505227406,505227406,NASDAQ.NMS
SVRA,273068652,273068652,NASDAQ.NMS
MDVL,455779127,455779127,NASDAQ.SCM
MTTR,504523254,504523254,NASDAQ.NMS
AMC,140070600,140070600,NYSE
AAPL,265598,265598,NASDAQ.NMS
EDU,40643847,40643847,NYSE
SQQQ,440504393,440504393,NASDAQ.NMS
F,9599491,9599491,NYSE
SNDL,376499916,376499916,NASDAQ.SCM
TAL,80269548,80269548,NYSE
SPY,756733,756733,ARCA
DIDI,499901376,499901376,NYSE
GSAT,41302491,41302491,AMEX
BAC,10098,10098,NYSE
DNN,41983555,41983555,AMEX
XLF,4215220,4215220,ARCA
PLTR,444857009,444857009,NYSE
KPLT,496062880,496062880,NASDAQ.NMS
NIO,332794741,332794741,NYSE
CCL,5516,5516,NYSE
HIPO,506295799,506295799,NYSE
EEM,6604766,6604766,ARCA
ANY,340389364,340389364,NASDAQ.SCM
FXI,31421120,31421120,ARCA
AMD,4391,4391,NASDAQ.NMS
NAKD,396324227,396324227,NASDAQ.SCM
MMAT,499639678,499639678,NASDAQ.SCM
T,37018770,37018770,NYSE
METX,415338132,415338132,NASDAQ.SCM
PFE,11031,11031,NYSE
UVXY,490791488,490791488,BATS
HUT,493567923,493567923,NASDAQ.NMS
WISH,460492611,460492611,NASDAQ.NMS
EWZ,10753244,10753244,ARCA
CPNG,475686899,475686899,NYSE
ZOM,447584486,447584486,AMEX
BABA,166090175,166090175,NYSE
QQQ,320227571,320227571,NASDAQ.NMS
GDX,229726316,229726316,ARCA
VXX,482838546,482838546,BATS
LU,452380855,452380855,NYSE
TQQQ,72539702,72539702,NASDAQ.NMS
VRP,319359428,319359428,ARCA
SRNGU,473315580,473315580,NASDAQ.SCM
SFTW,395298050,395298050,NYSE
BMRN,6857447,6857447,NASDAQ.NMS
NE,495918848,495918848,NYSE
MMM,9720,9720,NYSE
FDP,6478290,6478290,NYSE
VFC,13440,13440,NYSE
QURE,143720844,143720844,NASDAQ.NMS
HYD,337332936,337332936,BATS
SEIC,274224,274224,NASDAQ.NMS
JPC,17635192,17635192,NYSE
NMTC,479950007,479950007,NASDAQ.SCM
FVIV,484554951,484554951,NYSE
NXU,478440551,478440551,NYSE
PLRX,424996630,424996630,NASDAQ.NMS
VIH,455229155,455229155,NASDAQ.SCM
SLVO,125846684,125846684,NASDAQ.NMS
OMF,212990433,212990433,NYSE
SJT,12175,12175,NYSE
USOI,274144184,274144184,NASDAQ.NMS
MVO,42357298,42357298,NYSE
REM,253190564,253190564,BATS
ORC,91641417,91641417,NYSE
REML,240415762,240415762,ARCA
IEP,46149880,46149880,NASDAQ.NMS
CLM,177437740,177437740,AMEX
CRF,177437752,177437752,AMEX
GLDI,121560179,121560179,NASDAQ.NMS
QIWI,127080464,127080464,NASDAQ.NMS
USAC,120420959,120420959,NYSE
FLMN,331197705,331197705,NASDAQ.SCM
OPP,249095463,249095463,NYSE
NEWT,171642734,171642734,NASDAQ.NMS
BKCC,44965120,44965120,NASDAQ.NMS
CHMI,135748067,135748067,NYSE
IVR,61228762,61228762,NYSE
SBSW,404364696,404364696,NYSE
SBLK,236994457,236994457,NASDAQ.NMS
KNOP,125543001,125543001,NYSE
RYLD,361439195,361439195,BATS
FSK,426117794,426117794,NYSE
GLP,35976362,35976362,NYSE
PAX,467238078,467238078,NASDAQ.NMS
ARR,198163396,198163396,NYSE
RC,335049701,335049701,NYSE
MSTR,272110,272110,NASDAQ.NMS
AMZN,3691937,3691937,NASDAQ.NMS
MELI,45602025,45602025,NASDAQ.NMS
BKNG,308728373,308728373,NASDAQ.NMS
SHOP,195014116,195014116,NYSE
CMG,37655664,37655664,NYSE
BIO,764616,764616,NYSE
MRNA,344809106,344809106,NASDAQ.NMS
CACC,267192,267192,NASDAQ.NMS
TSLA,76792991,76792991,NASDAQ.NMS
MDB,292833239,292833239,NASDAQ.NMS
MKTX,31918430,31918430,NASDAQ.NMS
GOOG,208813720,208813720,NASDAQ.NMS
HUBS,169544810,169544810,NYSE
EQIX,181764593,181764593,NASDAQ.NMS
UPST,460492620,460492620,NASDAQ.NMS
NFLX,15124833,15124833,NASDAQ.NMS
RH,258821404,258821404,NYSE
LRCX,271308,271308,NASDAQ.NMS
AZO,4750,4750,NYSE
EPAM,101898880,101898880,NYSE
REGN,273733,273733,NASDAQ.NMS
IDXX,270413,270413,NASDAQ.NMS
DOCU,316073742,316073742,NASDAQ.NMS
SIVB,274385,274385,NASDAQ.NMS
NVAX,365598061,365598061,NASDAQ.NMS
MNDY,495763831,495763831,NASDAQ.NMS
DE,6393,6393,NYSE
GOOGL,208813719,208813719,NASDAQ.NMS
NOW,109911821,109911821,NYSE
BLK,5049,5049,NYSE
SAM,1841216,1841216,NYSE
NTLA,232646339,232646339,NASDAQ.NMS
GNRC,72529783,72529783,NYSE
ARQQ,512772897,512772897,NASDAQ.SCM
MSCI,47101335,47101335,NYSE
ACMR,295043917,295043917,NASDAQ.NMS
COIN,481691285,481691285,NASDAQ.NMS
BTWN,459105947,459105947,NASDAQ.SCM
MBAC,483257795,483257795,NYSE
QELL,456711358,456711358,NASDAQ.SCM
PFN,31815560,31815560,NYSE
SPI,341913709,341913709,NASDAQ.NMS
PDI,107976119,107976119,NYSE
CALM,4727574,4727574,NASDAQ.NMS
CTLP,482859691,482859691,NASDAQ.NMS
GCP,219768320,219768320,NYSE
JXN WI,510424230,510424230,NYSE
FAMI,306769238,306769238,NASDAQ.SCM
COUP,250272278,250272278,NASDAQ.NMS
SDC,382852130,382852130,NASDAQ.NMS
PHUN,347896223,347896223,NASDAQ.SCM
NNDM,388550694,388550694,NASDAQ.SCM
SESN,317956161,317956161,NASDAQ.NMS
HVBT,352441007,352441007,NASDAQ.SCM
NKLA,425175609,425175609,NASDAQ.NMS
MARA,474219659,474219659,NASDAQ.SCM
TZA,468796852,468796852,ARCA
ATER,486289023,486289023,NASDAQ.SCM
CSCW,423908170,423908170,NASDAQ.SCM
ABEV,137736417,137736417,NYSE
MCFE,451260061,451260061,NASDAQ.NMS
SENS,217300980,217300980,AMEX
PATH,483311199,483311199,NYSE
EYEG,381479548,381479548,NASDAQ.SCM
EVFM,302999891,302999891,NASDAQ.SCM
FCEL,365306765,365306765,NASDAQ.NMS
VIPS,104863799,104863799,NYSE
OPEN,460320153,460320153,NASDAQ.NMS
SKLZ,460347742,460347742,NYSE
PBTS,359522215,359522215,NASDAQ.SCM
GLD,51529211,51529211,ARCA
FTFT,278937444,278937444,NASDAQ.SCM
M,44475946,44475946,NYSE
IWM,9579970,9579970,ARCA
NVDA,4815747,4815747,NASDAQ.NMS
CCJ,1447060,1447060,NYSE
DKNG,419221909,419221909,NASDAQ.NMS
SLV,39039301,39039301,ARCA
SOFI,494162724,494162724,NASDAQ.NMS
FB,107113386,107113386,NASDAQ.NMS
MSFT,272093,272093,NASDAQ.NMS
BA,4762,4762,NYSE
RIOT,292830677,292830677,NASDAQ.SCM
SNAP,268060148,268060148,NYSE
ARKK,172522644,172522644,ARCA
PYPL,199169591,199169591,NASDAQ.NMS
DIS,6459,6459,NYSE
LCID,504716446,504716446,NASDAQ.NMS
KWEB,132310537,132310537,ARCA
UBER,365207014,365207014,NYSE
ABNB,459530964,459530964,NASDAQ.NMS
USFR,143667073,143667073,ARCA
IMGO,502415496,502415496,NASDAQ.NMS
RKLB,510685704,510685704,NASDAQ.SCM
LAW,503299587,503299587,NYSE
BDSI,15738529,15738529,NASDAQ.NMS
PANL,169358003,169358003,NASDAQ.SCM
IMTX,431111549,431111549,NASDAQ.SCM
IAS,498854158,498854158,NASDAQ.NMS
INBX,440765906,440765906,NASDAQ.NMS
TYHT,439807586,439807586,NASDAQ.SCM
CNTQU,506295822,506295822,NASDAQ.SCM
RCMT,4817283,4817283,NASDAQ.NMS
ETJ,45461159,45461159,NYSE
PHK,17966274,17966274,NYSE
FFIN,4730625,4730625,NASDAQ.NMS
BGRY,504234895,504234895,NASDAQ.NMS
PFL,22488838,22488838,NYSE
MDLZ,113599091,113599091,NASDAQ.NMS
SR,231408961,231408961,NYSE
SWK,73354293,73354293,NYSE
PTVE,445554146,445554146,NASDAQ.NMS
RPM,273962,273962,NYSE
HMY,4812805,4812805,NYSE
EWV,141973352,141973352,ARCA
STZ,276066,276066,NYSE
VTOL,425178192,425178192,NYSE
RSKD,505002204,505002204,NYSE
INAQ U,512171695,512171695,NYSE
TGP,34486048,34486048,NYSE
FRTA,252330400,252330400,NASDAQ.NMS
MLNK,505002195,505002195,NYSE
IDYA,367728022,367728022,NASDAQ.NMS
ACH,753861,753861,NYSE
CME,45127739,45127739,NASDAQ.NMS
LW,253184108,253184108,NYSE
CURV,499901403,499901403,NYSE
HRL,8153,8153,NYSE
DAKT,4728903,4728903,NASDAQ.NMS
DD,365921621,365921621,NYSE
SPNT,471245525,471245525,NYSE
TKR,12826,12826,NYSE
UIHC,55001058,55001058,NASDAQ.SCM
OGS,141741126,141741126,NYSE
NSC,10497,10497,NYSE
HEPS,500073386,500073386,NASDAQ.NMS
ENS,30219446,30219446,NYSE
CRMT,4728345,4728345,NASDAQ.NMS
PII,611242,611242,NYSE
NLSN,204429726,204429726,NYSE
TRHC,249453984,249453984,NASDAQ.NMS
VAL,488980507,488980507,NYSE
CRBU,504091760,504091760,NASDAQ.NMS
LYEL,496879077,496879077,NASDAQ.NMS
FYBR,488980510,488980510,NASDAQ.NMS
S,499640681,499640681,NYSE
TGH PRB,509872445,509872445,NYSE
AEHR,4725941,4725941,NASDAQ.SCM
CHIE,70967035,70967035,ARCA
CRK,241891174,241891174,NYSE
AMR,468056568,468056568,NYSE
IMAQR,508408127,508408127,NASDAQ.SCM
FEDU,295297702,295297702,NYSE
ESPR,130346369,130346369,NASDAQ.NMS
TISI,756940,756940,NYSE
CMCT,381624574,381624574,NASDAQ.NMS
KAMN,270922,270922,NYSE
SBTX,458895916,458895916,NASDAQ.NMS
ONE,312037492,312037492,NYSE
MRCY,4815101,4815101,NASDAQ.NMS
DDI,430797705,430797705,NASDAQ.NMS
UPH,495510288,495510288,NYSE
CFVI,481274773,481274773,NASDAQ.SCM
FNGD,433793748,433793748,ARCA
LCI,15354309,15354309,NYSE
QUOT,209048238,209048238,NYSE
NLS,6552163,6552163,NYSE
A,1715006,1715006,NYSE
AA,251962528,251962528,NYSE
AAAU,458886642,458886642,ARCA
AAC,477011235,477011235,NYSE
AACG,48811132,48811132,NASDAQ.NMS
AACIU,508146551,508146551,NASDAQ.NMS
AACOU,479220722,479220722,NASDAQ.SCM
AAC U,468799337,468799337,NYSE
AAIC,69259320,69259320,NYSE
AAL,139673266,139673266,NASDAQ.NMS
AAN,455975127,455975127,NYSE
AAOI,135423662,135423662,NASDAQ.NMS
AAON,265595,265595,NASDAQ.NMS
AAP,4027,4027,NYSE
AAT,82819360,82819360,NYSE
AAU,202212514,202212514,AMEX
AAWW,39505341,39505341,NASDAQ.NMS
AAXJ,53224215,53224215,NASDAQ.NMS
AB,38198926,38198926,NYSE
ABB,11962137,11962137,NYSE
ABBV,118089500,118089500,NYSE
ABC,1714996,1714996,NYSE
ABCB,3655373,3655373,NASDAQ.NMS
ABCL,459919952,459919952,NASDAQ.NMS
ABCM,451447704,451447704,NASDAQ.NMS
ABEO,197341060,197341060,NASDAQ.SCM
ABG,14680959,14680959,NYSE
ABIO,359788451,359788451,NASDAQ.SCM
ABM,4050,4050,NYSE
ABMD,265655,265655,NASDAQ.NMS
ABR,29661257,29661257,NYSE
ISEE,361088589,361088589,NASDAQ.NMS
ECHO,69254051,69254051,NASDAQ.NMS
ENDP,145588883,145588883,NASDAQ.NMS
AFRM,465119069,465119069,NASDAQ.NMS
SGMA,4818001,4818001,NASDAQ.SCM
ADXS,359160995,359160995,NASDAQ.SCM
MKD,397514038,397514038,NASDAQ.SCM
TTOO,163036873,163036873,NASDAQ.NMS
EEIQ,478647643,478647643,NASDAQ.SCM
VNCE,292499454,292499454,NYSE
REFR,4817309,4817309,NASDAQ.SCM
IO,221232476,221232476,NYSE
GNLN,361201682,361201682,NASDAQ.NMS
ESEA,396161597,396161597,NASDAQ.SCM
SEMR,478483413,478483413,NYSE
DXYN,268722,268722,NASDAQ.NMS
PAYS,362876451,362876451,NASDAQ.SCM
LVTX,478807158,478807158,NASDAQ.NMS
ABUS,202009938,202009938,NASDAQ.NMS
ADGI,506993770,506993770,NASDAQ.NMS
COE,236205572,236205572,NYSE
UEC,37451201,37451201,AMEX
CMAX,495901062,495901062,NASDAQ.NMS
URNM,393993761,393993761,ARCA
URG,41654643,41654643,AMEX
TIGR,356857464,356857464,NASDAQ.NMS
FIZZ,2016423,2016423,NASDAQ.NMS
UUUU,137823153,137823153,AMEX
AIHS,310624816,310624816,NASDAQ.SCM
STG,509950599,509950599,NYSE
INVE,152828880,152828880,NASDAQ.SCM
APP,481863646,481863646,NASDAQ.NMS
IPDN,249174897,249174897,NASDAQ.SCM
ACTG,16699274,16699274,NASDAQ.NMS
SKIN,489542038,489542038,NASDAQ.SCM
NTP,148502652,148502652,NYSE
CLOER,513290680,513290680,NASDAQ.SCM
MRSN,280803808,280803808,NASDAQ.NMS
VRPX,471602244,471602244,NASDAQ.SCM
VLON,470257094,470257094,NASDAQ.SCM
IMPL,483501655,483501655,NASDAQ.NMS
RXST,505227430,505227430,NASDAQ.NMS
HGEN,444864876,444864876,NASDAQ.SCM
LAKE,271092,271092,NASDAQ.NMS
TUEM,463809567,463809567,NASDAQ.SCM
AZRX,249028358,249028358,NASDAQ.SCM
XOS,509704854,509704854,NASDAQ.SCM
GEVO,320228879,320228879,NASDAQ.SCM
PLX,395088941,395088941,AMEX
MRVI,456473636,456473636,NASDAQ.NMS
CRDF,421142478,421142478,NASDAQ.SCM
SUMO,445529135,445529135,NASDAQ.NMS
UGRO,463795710,463795710,NASDAQ.SCM
SWIM,482880511,482880511,NASDAQ.NMS
TLMD,453035175,453035175,NASDAQ.NMS
TDC,46128760,46128760,NYSE
RDHL,119657420,119657420,NASDAQ.NMS
CLVT,365792551,365792551,NYSE
EVLO,317116242,317116242,NASDAQ.NMS
BMEA,482017090,482017090,NASDAQ.NMS
HUIZ,403415359,403415359,NASDAQ.NMS
AEYE,328849154,328849154,NASDAQ.SCM
JG,326398595,326398595,NASDAQ.NMS
RLYB,505227408,505227408,NASDAQ.NMS
SOS,432280833,432280833,NYSE
ZNGA,98760277,98760277,NASDAQ.NMS
VICI,292080616,292080616,NYSE
BBD,28213000,28213000,NYSE
ITUB,58996617,58996617,NYSE
VALE,60581038,60581038,NYSE
ERC,77007193,77007193,AMEX
EAOK,427788887,427788887,BATS
KR,8908,8908,NYSE
DEH,442464653,442464653,NYSE
URA,211651685,211651685,ARCA
BXMT,127149807,127149807,NYSE
SRL,367504850,367504850,NYSE
ISRG,9063285,9063285,NASDAQ.NMS
HUM,8251,8251,NYSE
MSD,9862,9862,NYSE
FPA,87254435,87254435,NASDAQ.NMS
GCAC,478015025,478015025,NASDAQ.SCM
HTPA,466568180,466568180,NYSE
OXLC,82967340,82967340,NASDAQ.NMS
ASML,117902840,117902840,NASDAQ.NMS
ZS,310621426,310621426,NASDAQ.NMS
ANTM,173962302,173962302,NYSE
MTCH,430252818,430252818,NASDAQ.NMS
MPWR,32106121,32106121,NASDAQ.NMS
TFX,12750,12750,NYSE
RNG,135390580,135390580,NYSE
BNTX,386752917,386752917,NASDAQ.NMS
SE,292735472,292735472,NYSE
BGNE,221232455,221232455,NASDAQ.NMS
ROT,474490558,474490558,NYSE
HXL,611167,611167,NYSE
ACIC,459530941,459530941,NYSE
UBP PRK,385817775,385817775,NYSE
MUE,41122107,41122107,NYSE
CIDM,233009142,233009142,NASDAQ.NMS
PENN,4816415,4816415,NASDAQ.NMS
BSCL,319355812,319355812,NASDAQ.NMS
MOHO,390594440,390594440,NASDAQ.NMS
ROOT,452216878,452216878,NASDAQ.NMS
EMB,47649504,47649504,NASDAQ.NMS
HBAN,270018,270018,NASDAQ.NMS
ALNA,294729588,294729588,NASDAQ.NMS
ATOS,314731077,314731077,NASDAQ.SCM
X,13960,13960,NYSE
ZI,425203222,425203222,NASDAQ.NMS
WTRH,341913655,341913655,NASDAQ.NMS
GM,80986742,80986742,NYSE
REKR,363426492,363426492,NASDAQ.SCM
GIS,7616,7616,NYSE
KDMN,241896955,241896955,NASDAQ.NMS
EWJ,253190534,253190534,ARCA
ATUS,280153137,280153137,NYSE
SCHE,71715076,71715076,ARCA
TECS,416854753,416854753,ARCA
GOLD,611060,611060,NYSE
LUMN,446613345,446613345,NYSE
AVTR,366131368,366131368,NYSE
VTA,75911479,75911479,NYSE
PTON,385087203,385087203,NASDAQ.NMS
SQ,212671971,212671971,NYSE
MU,9939,9939,NASDAQ.NMS
INTC,270639,270639,NASDAQ.NMS
RBLX,476026060,476026060,NYSE
FCX,7089,7089,NYSE
HYG,43652089,43652089,ARCA
GME,36285627,36285627,NYSE
CLF,286030327,286030327,NYSE
ZM,361181057,361181057,NASDAQ.NMS
CIM PRA,251279719,251279719,NYSE
EJFA,482654023,482654023,NASDAQ.SCM
VTSI,309220289,309220289,NASDAQ.SCM
DBB,319355727,319355727,ARCA
LAUR,264485686,264485686,NASDAQ.NMS
BHK,14486922,14486922,NYSE
UROY,398917965,398917965,NASDAQ.SCM
ALIT,500289412,500289412,NYSE
ASYS,6857425,6857425,NASDAQ.NMS
MAAC,458553460,458553460,NASDAQ.SCM
JIB,513290453,513290453,ARCA
FMS,2030556,2030556,NYSE
PDM,72529754,72529754,NYSE
NWN,334902388,334902388,NYSE
ANET,153912055,153912055,NYSE
CIO PRA,250142651,250142651,NYSE
EPC,196179389,196179389,NYSE
RCI,1250652,1250652,NYSE
SWM,1321497,1321497,NYSE
NGVT,231125622,231125622,NYSE
CERN,267475,267475,NASDAQ.NMS
CNC,13878278,13878278,NYSE
DUOL,505002183,505002183,NASDAQ.NMS
TRTN PRE,507821939,507821939,NYSE
PONOU,507665297,507665297,NASDAQ.SCM
TSCO,6858322,6858322,NASDAQ.NMS
WMC,107114778,107114778,NYSE
TTWO,6478131,6478131,NASDAQ.NMS
CBU,6607717,6607717,NYSE
GLRE,44216346,44216346,NASDAQ.NMS
ESRT,135702590,135702590,NYSE
WU,40773257,40773257,NYSE
SSP,52581781,52581781,NASDAQ.NMS
TR,12946,12946,NYSE
VMW,45642839,45642839,NYSE
TGNA,196887976,196887976,NYSE
GNL,265852072,265852072,NYSE
STXS,110408422,110408422,AMEX
DRMA,508146562,508146562,NASDAQ.SCM
OWLT,502228628,502228628,NYSE
TDS PRV,507487982,507487982,NYSE
PSA PRQ,508949099,508949099,NYSE
CEIX,295297714,295297714,NYSE
CTAS,268149,268149,NASDAQ.NMS
PRTA,118938255,118938255,NASDAQ.NMS
DSGX,4729273,4729273,NASDAQ.NMS
CMRE,80627441,80627441,NYSE
AMWD,266201,266201,NASDAQ.NMS
INCY,4369855,4369855,NASDAQ.NMS
RGS,273821,273821,NYSE
CVGW,15565481,15565481,NASDAQ.NMS
PAY,493119080,493119080,NYSE
TCRX,502415507,502415507,NASDAQ.NMS
FF,52298132,52298132,NYSE
AKYA,482017166,482017166,NASDAQ.NMS
MBII,132310190,132310190,NASDAQ.SCM
MTEM,284630080,284630080,NASDAQ.NMS
MAX,452191201,452191201,NYSE
WDH,489397877,489397877,NYSE
TREE,179340941,179340941,NASDAQ.NMS
CNYA,236798096,236798096,BATS
ZYXI,52413740,52413740,NASDAQ.NMS
EWD,2586593,2586593,ARCA
EUFN,72086400,72086400,NASDAQ.NMS
AWH,426791703,426791703,NASDAQ.SCM
LQDT,38019465,38019465,NASDAQ.NMS
JRVR,176805274,176805274,NASDAQ.NMS
UK,455805449,455805449,NASDAQ.SCM
PIM,11137,11137,NYSE
DBD,6346,6346,NYSE
IWN,10435407,10435407,ARCA
VYNE,471225385,471225385,NASDAQ.NMS
FVCB,211516557,211516557,NASDAQ.SCM
CFX,50904767,50904767,NYSE
VC,79565601,79565601,NASDAQ.NMS
VRS,239691886,239691886,NYSE
BTZ,42249758,42249758,NYSE
TREC,152814010,152814010,NYSE
ALV,2746144,2746144,NYSE
PGRE,173803851,173803851,NYSE
WWD,6761574,6761574,NASDAQ.NMS
ACBI,211533625,211533625,NASDAQ.NMS
MGV,47640018,47640018,ARCA
TOLZ,147346154,147346154,ARCA
VVNT,399364040,399364040,NYSE
PTN,79464103,79464103,AMEX
AROC,199914862,199914862,NYSE
ASB,266410,266410,NYSE
WERN,276009,276009,NASDAQ.NMS
CYH,10377696,10377696,NYSE
BBIO,372849723,372849723,NASDAQ.NMS
PSXP,131343645,131343645,NYSE
SNCY,476396895,476396895,NASDAQ.NMS
SIOX,455196639,455196639,NASDAQ.NMS
AKRO,371602087,371602087,NASDAQ.NMS
NKTR,4813467,4813467,NASDAQ.NMS
CRTO,137537401,137537401,NASDAQ.NMS
JILL,453590733,453590733,NYSE
RBA,6608461,6608461,NYSE
CTXS,1767080,1767080,NASDAQ.NMS
NAC,10079,10079,NYSE
HLIT,1767094,1767094,NASDAQ.NMS
KBA,145723873,145723873,ARCA
FIXD,266021916,266021916,NASDAQ.NMS
ARNC,408477085,408477085,NYSE
EWP,2586596,2586596,ARCA
SEM,69114941,69114941,NYSE
RVMD,403666731,403666731,NASDAQ.NMS
DHY,6607799,6607799,AMEX
GMRE,173803901,173803901,NYSE
DBRG,496084169,496084169,NYSE
LMFA,489897218,489897218,NASDAQ.SCM
GPN,11477774,11477774,NYSE
RCM,264479332,264479332,NASDAQ.NMS
MTSI,104158272,104158272,NASDAQ.NMS
DSU,253914886,253914886,NYSE
EFR,26904809,26904809,NYSE
SGRY,208523102,208523102,NASDAQ.NMS
CNSL,35128548,35128548,NASDAQ.NMS
EBR,38988979,38988979,NYSE
RMTI,4817496,4817496,NASDAQ.NMS
SF,12008,12008,NYSE
AMJ,59198014,59198014,ARCA
EYPT,459450984,459450984,NASDAQ.NMS
UEIC,275441,275441,NASDAQ.NMS
CCCC,448085873,448085873,NASDAQ.NMS
VCSH,70363037,70363037,NASDAQ.NMS
FOE,7290,7290,NYSE
ATRC,35400501,35400501,NASDAQ.NMS
NCV,467755672,467755672,NYSE
VITL,437449296,437449296,NASDAQ.NMS
WIW,28003327,28003327,NYSE
MTX,9933,9933,NYSE
ECH,47202521,47202521,BATS
CEQP,212921422,212921422,NYSE
BSJM,319355824,319355824,NASDAQ.NMS
SPNE,197126173,197126173,NASDAQ.NMS
LBAI,14487955,14487955,NASDAQ.NMS
BHF,282563276,282563276,NASDAQ.NMS
FAN,51834663,51834663,ARCA
BL,253664117,253664117,NASDAQ.NMS
IGF,47605491,47605491,NASDAQ.NMS
ACEL,391638321,391638321,NYSE
IWD,8991562,8991562,ARCA
FREY,500821111,500821111,NYSE
VGIT,70363079,70363079,NASDAQ.NMS
SY,362283658,362283658,NASDAQ.NMS
CYRN,145063109,145063109,NASDAQ.SCM
LOV,295043912,295043912,AMEX
NGM,359808548,359808548,NASDAQ.NMS
IS,499478695,499478695,NYSE
KRON,449354980,449354980,NASDAQ.NMS
CRXT,513582356,513582356,NASDAQ.NMS
TMC,512772887,512772887,NASDAQ.NMS
RDW,512000171,512000171,NYSE
MOXC,508656697,508656697,NASDAQ.SCM
PMCB,501785841,501785841,NASDAQ.SCM
FGFPP,460646621,460646621,NASDAQ.NMS
ARRWU,474517707,474517707,NASDAQ.SCM
ATO,4644,4644,NYSE
ALE,30839976,30839976,NYSE
IFFT,333484969,333484969,NYSE
BKT,5032,5032,NYSE
ARCM,292590988,292590988,BATS
OCDX,468091273,468091273,NASDAQ.NMS
SMHB,341215376,341215376,ARCA
SEDG,188625650,188625650,NASDAQ.NMS
TNXP,389988360,389988360,NASDAQ.NMS
HEPA,375675757,375675757,NASDAQ.SCM
DSS,419847860,419847860,AMEX
SONN,415142247,415142247,NASDAQ.SCM
PSFE,479429948,479429948,NYSE
SOXS,436977827,436977827,ARCA
USWS,341365216,341365216,NASDAQ.SCM
CXDC,57697895,57697895,NASDAQ.NMS
RMAX,135666376,135666376,NYSE
EVG,34726095,34726095,NYSE
FLS,6477749,6477749,NYSE
BOH,5147,5147,NYSE
ZBH,12851783,12851783,NYSE
MTA,395717235,395717235,AMEX
IAG,16671499,16671499,NYSE
PCB,373639037,373639037,NASDAQ.NMS
REPH,145915310,145915310,NASDAQ.SCM
THG,37075152,37075152,NYSE
FITB,269318,269318,NASDAQ.NMS
VRSN,4173050,4173050,NASDAQ.NMS
FIX,6607708,6607708,NYSE
GRFS,110753297,110753297,NASDAQ.NMS
SSTK,115181214,115181214,NYSE
Z,201942684,201942684,NASDAQ.NMS
ZG,184072087,184072087,NASDAQ.NMS
AHPI,257940916,257940916,NASDAQ.SCM
FAX,754642,754642,AMEX
QYLD,346727816,346727816,NASDAQ.NMS
EVRG,320106069,320106069,NYSE
APAM,123706127,123706127,NYSE
ASPU,261911411,261911411,NASDAQ.NMS
RUTH,35449496,35449496,NASDAQ.NMS
AOD,314840629,314840629,NYSE
CMS,5840,5840,NYSE
POST,100547520,100547520,NYSE
CYRX,195005058,195005058,NASDAQ.SCM
FFIV,6248713,6248713,NASDAQ.NMS
AGD,314840622,314840622,NYSE
HCAT,375789579,375789579,NASDAQ.NMS
CRVS,227267069,227267069,NASDAQ.NMS
HLBZ,508371068,508371068,NASDAQ.SCM
PRTH,327709686,327709686,NASDAQ.SCM
IPHA,387860655,387860655,NASDAQ.NMS
FORG,514485014,514485014,NYSE
JFU,378878677,378878677,NASDAQ.NMS
XYF,454570404,454570404,NYSE
LGHL,427599010,427599010,NASDAQ.SCM
OPTT,356582465,356582465,AMEX
SURF,314584708,314584708,NASDAQ.NMS
ATNM,438710464,438710464,AMEX
OSUR,4730225,4730225,NASDAQ.NMS
NEPT,333970323,333970323,NASDAQ.SCM
BLI,435240563,435240563,NASDAQ.NMS
CURI,450017209,450017209,NASDAQ.SCM
SCWX,230950019,230950019,NASDAQ.NMS
MGTA,322592376,322592376,NASDAQ.NMS
MDIA,397813698,397813698,NASDAQ.SCM
HRTG,152388751,152388751,NYSE
BRG,147540460,147540460,AMEX
FUSB,251383816,251383816,NASDAQ.SCM
TRVN,143505236,143505236,NASDAQ.SCM
MDXG,50022224,50022224,NASDAQ.SCM
PRCT,514318685,514318685,NASDAQ.NMS
FULC,374786138,374786138,NASDAQ.NMS
IMAB,398851030,398851030,NASDAQ.NMS
PACE,455975137,455975137,NYSE
ASTS,480745767,480745767,NASDAQ.NMS
FORA,474672571,474672571,NASDAQ.SCM
PTGX,243505376,243505376,NASDAQ.NMS
TCRR,353437407,353437407,NASDAQ.NMS
ELYM,506665692,506665692,NASDAQ.NMS
JANX,496085619,496085619,NASDAQ.NMS
SNTG,501143569,501143569,NASDAQ.SCM
ZIVO,494139277,494139277,NASDAQ.SCM
ICVX,505227403,505227403,NASDAQ.NMS
IPSC,497222711,497222711,NASDAQ.NMS
GRTS,335460266,335460266,NASDAQ.NMS
AUUD,452226243,452226243,NASDAQ.SCM
VERV,497046292,497046292,NASDAQ.NMS
SNPO,505002189,505002189,NASDAQ.NMS
TNYA,505405596,505405596,NASDAQ.NMS
INDP,506436790,506436790,NASDAQ.SCM
EZFL,507487560,507487560,NASDAQ.SCM
SNSE,469347775,469347775,NASDAQ.NMS
BHAT,376134274,376134274,NASDAQ.SCM
MIRO,498661824,498661824,NASDAQ.SCM
MMMB,123882197,123882197,NASDAQ.SCM
ACXP,496435957,496435957,NASDAQ.SCM
EVCM,499901393,499901393,NASDAQ.NMS
ELEV,499023810,499023810,NASDAQ.NMS
MINM,495284030,495284030,NASDAQ.SCM
SNAX,504056230,504056230,NASDAQ.SCM
NXE,204774537,204774537,AMEX
SBEV,495918821,495918821,AMEX
NOV,462100032,462100032,NYSE
ORCL,272800,272800,NYSE
UNM,13277,13277,NYSE
BRO,6607613,6607613,NYSE
MRK,70101545,70101545,NYSE
TELL,265559668,265559668,NASDAQ.SCM
CSCO,268084,268084,NASDAQ.NMS
SIRI,138397467,138397467,NASDAQ.NMS
EFA,13002510,13002510,ARCA
TRTL U,503299578,503299578,NYSE
TMO,12869,12869,NYSE
NECB,501785740,501785740,NASDAQ.SCM
IFF,8385,8385,NYSE
XBJL,500073363,500073363,BATS
KFS,352677799,352677799,NYSE
TCBC,503299583,503299583,NASDAQ.SCM
TPB,233089623,233089623,NYSE
TSIBU,471017159,471017159,NASDAQ.SCM
SBI,41146374,41146374,NYSE
MUSA,132717465,132717465,NYSE
PDEV,375789582,375789582,NASDAQ.NMS
MAN,9355,9355,NYSE
SAFT,16640176,16640176,NASDAQ.NMS
PHT,15543605,15543605,NYSE
UAPR,359395487,359395487,BATS
GDEV,511270351,511270351,NASDAQ.NMS
CDAY,315543544,315543544,NYSE
MNTK,467270315,467270315,NASDAQ.SCM
VERA,490852688,490852688,NASDAQ.NMS
SMDY,399796657,399796657,ARCA
ARKO,462108952,462108952,NASDAQ.SCM
HCSG,270058,270058,NASDAQ.NMS
SHFT,504091745,504091745,ARCA
PNT,500289338,500289338,NASDAQ.SCM
NEXI,470995996,470995996,NASDAQ.NMS
REED,42334421,42334421,NASDAQ.SCM
FANH,257941393,257941393,NASDAQ.NMS
PRGO,140067524,140067524,NYSE
WKSP,505206491,505206491,NASDAQ.SCM
TPGS,481274766,481274766,NYSE
SANA,469317814,469317814,NASDAQ.NMS
POND,500243943,500243943,NYSE
HDAW,202968409,202968409,ARCA
CAHC,475676567,475676567,NASDAQ.SCM
DAWN,493581440,493581440,NASDAQ.NMS
VEON,271291043,271291043,NASDAQ.NMS
BDCX,425010512,425010512,ARCA
RIV,215524614,215524614,NYSE
SQFT,449074201,449074201,NASDAQ.SCM
VOC,87741352,87741352,NYSE
DMLP,17061154,17061154,NASDAQ.NMS
DECK,268376,268376,NYSE
ZBRA,276304,276304,NASDAQ.NMS
MLAB,4814960,4814960,NASDAQ.NMS
FLGE,155282130,155282130,ARCA
MOH,19012089,19012089,NYSE
ALGN,11459264,11459264,NASDAQ.NMS
TDG,38285434,38285434,NYSE
SNPS,274499,274499,NASDAQ.NMS
MLM,9690,9690,NYSE
CVNA,274144952,274144952,NYSE
THY,408520403,408520403,BATS
ASPCU,471599366,471599366,NASDAQ.SCM
MTAL U,505227418,505227418,NYSE
DNA,514485024,514485024,NYSE
SCHZ,90832064,90832064,ARCA
GIC,497222446,497222446,NYSE
GIFI,4812281,4812281,NASDAQ.NMS
PALC,429664984,429664984,ARCA
PEBK,4816381,4816381,NASDAQ.NMS
SLRX,375023931,375023931,NASDAQ.SCM
SPPI,4815405,4815405,NASDAQ.NMS
LPTX,263760390,263760390,NASDAQ.NMS
EYES,398133231,398133231,NASDAQ.SCM
OCGN,385552436,385552436,NASDAQ.SCM
SPXU,464392051,464392051,ARCA
DXD,317467439,317467439,ARCA
SDS,280905866,280905866,ARCA
PROG,428519881,428519881,NASDAQ.NMS
RCAT,376496231,376496231,NASDAQ.SCM
MARK,272688583,272688583,NASDAQ.SCM
APRE,385999814,385999814,NASDAQ.NMS
SPXL,55679428,55679428,ARCA
BODY,498989704,498989704,NYSE
XLE,4215217,4215217,ARCA
TLT,15547841,15547841,NASDAQ.NMS
SPCE,388824891,388824891,NYSE
PLUG,88385302,88385302,NASDAQ.SCM
GGO PRA,254148480,254148480,AMEX
GTEK,514485005,514485005,ARCA
AEHAU,514318674,514318674,NASDAQ.NMS
TWKS,514318689,514318689,NASDAQ.NMS
VLTA,510685709,510685709,NYSE
ECOM,128300574,128300574,NYSE
LILM,514456437,514456437,NASDAQ.NMS
CHRS,172938783,172938783,NASDAQ.NMS
NOTV,477989203,477989203,NASDAQ.SCM
MGLN,27329872,27329872,NASDAQ.NMS
AGNCO,385817777,385817777,NASDAQ.NMS
ETTX,335049677,335049677,NASDAQ.NMS
GAB PRH,114986758,114986758,NYSE
CEQP PR,374307887,374307887,NYSE
FLYA U,514484988,514484988,NYSE
EWCZ,506636191,506636191,NASDAQ.NMS
BSCV,514484982,514484982,NASDAQ.NMS
SMBC,4818227,4818227,NASDAQ.NMS
HCOM,514318668,514318668,ARCA
USLM,6746322,6746322,NASDAQ.NMS
VLATU,481480671,481480671,NASDAQ.SCM
DFAX,513880552,513880552,ARCA
TPHE,505686752,505686752,ARCA
TTMI,10311716,10311716,NASDAQ.NMS
GGB,6607990,6607990,NYSE
DFIV,513880551,513880551,ARCA
HDEF,202968412,202968412,ARCA
RIO,4095586,4095586,NYSE
BCAT,446991711,446991711,NYSE
CTAC,458918063,458918063,NYSE
IBND,75399304,75399304,ARCA
BKI,288771051,288771051,NYSE
XEL,10517,10517,NASDAQ.NMS
BCAB,460497700,460497700,NASDAQ.NMS
BERY,115040877,115040877,NYSE
DH,514318680,514318680,NASDAQ.NMS
WKME,496646914,496646914,NASDAQ.NMS
ONON,513880603,513880603,NYSE
SWSSU,510711407,510711407,NASDAQ.SCM
BROS,513880596,513880596,NYSE
TYRA,513880593,513880593,NASDAQ.NMS
KTTA,507487617,507487617,NASDAQ.SCM
GREE,514456513,514456513,NASDAQ.NMS
BHP,4986,4986,NYSE
SGHT,502415468,502415468,NASDAQ.NMS
APD,4487,4487,NYSE
MITAU,498854123,498854123,NASDAQ.SCM
NVS,8794522,8794522,NYSE
FIBK,73793486,73793486,NASDAQ.NMS
TBLD,505227356,505227356,NASDAQ.NMS
AVT,4691,4691,NASDAQ.NMS
EMN,6832,6832,NYSE
SPXC,12359,12359,NYSE
BNIXU,513610861,513610861,NASDAQ.SCM
JPM PRM,504546625,504546625,NYSE
APR,470662758,470662758,NASDAQ.NMS
KZR,322592375,322592375,NASDAQ.NMS
CRDL,349869086,349869086,NASDAQ.SCM
CFLT,498854138,498854138,NASDAQ.NMS
VEEE,503836769,503836769,NASDAQ.SCM
EQC,162225735,162225735,NYSE
LBPS,478440527,478440527,NASDAQ.NMS
SUP,12495,12495,NYSE
DTW,296180927,296180927,NYSE
FSFG,54454410,54454410,NASDAQ.SCM
MSM,2008216,2008216,NYSE
SLRC,72516371,72516371,NASDAQ.NMS
AMPH,158060518,158060518,NASDAQ.NMS
LASR,315776201,315776201,NASDAQ.NMS
GGN,98785552,98785552,AMEX
CPK,5994,5994,NYSE
PBFX,150700058,150700058,NYSE
GUT,6607953,6607953,NYSE
FLWS,6196030,6196030,NASDAQ.NMS
AIH,388807582,388807582,NASDAQ.NMS
ICSH,140007769,140007769,BATS
TTSH,112730998,112730998,NASDAQ.SCM
DZSI,442709297,442709297,NASDAQ.SCM
CKPT,261910479,261910479,NASDAQ.SCM
CBOE,76227954,76227954,BATS
FSTX,456685367,456685367,NASDAQ.SCM
GNSS,399913084,399913084,NASDAQ.SCM
CHT,81671853,81671853,NYSE
HBM,38590542,38590542,NYSE
XIN,47581348,47581348,NYSE
PCG,2586035,2586035,NYSE
GPS,7765,7765,NYSE
ITT,233010383,233010383,NYSE
BBVA,4815,4815,NYSE
UNFI,6746248,6746248,NYSE
GOAT,339976289,339976289,BATS
CASI,156093680,156093680,NASDAQ.SCM
AYTU,459451241,459451241,NASDAQ.SCM
PBPB,135870921,135870921,NASDAQ.NMS
AGZD,140149917,140149917,NASDAQ.NMS
MCEF,249325683,249325683,NASDAQ.NMS
PCN,6608373,6608373,NYSE
MSGE,415600200,415600200,NYSE
BFZ,13879573,13879573,NYSE
RWK,368312530,368312530,ARCA
IAI,39046988,39046988,ARCA
SXC,91487789,91487789,NYSE
ZCMD,403937552,403937552,NASDAQ.SCM
OMC,10811,10811,NYSE
GD,7496,7496,NYSE
BV,323805596,323805596,NYSE
BBCA,477176272,477176272,BATS
CSL,6120,6120,NYSE
NUVB,470446488,470446488,NYSE
TGH,46593894,46593894,NYSE
VEDL,193604636,193604636,NYSE
CXW,254455210,254455210,NYSE
FNDF,132803402,132803402,ARCA
PXJ,319356989,319356989,ARCA
USMV,96079929,96079929,BATS
EMHY,105443044,105443044,BATS
GSS,337884801,337884801,AMEX
VCV,75911455,75911455,NYSE
FMTX,428675965,428675965,NASDAQ.NMS
PGF,319357009,319357009,ARCA
GIB,350074677,350074677,NYSE
GRIL,403534861,403534861,NASDAQ.SCM
IAGG,212290413,212290413,BATS
VTEB,204473835,204473835,ARCA
IJK,10369809,10369809,ARCA
CGRN,388550706,388550706,NASDAQ.SCM
CW,6236,6236,NYSE
ALSN,104054141,104054141,NYSE
CNMD,267819,267819,NYSE
GWB,170187204,170187204,NYSE
XAIR,373639031,373639031,NASDAQ.SCM
WISA,416465871,416465871,NASDAQ.SCM
EWC,2586548,2586548,ARCA
SDIV,89373722,89373722,ARCA
LEMB,96079917,96079917,ARCA
NVCN,373211014,373211014,NASDAQ.SCM
XFOR,356947754,356947754,NASDAQ.SCM
TEF,12702,12702,NYSE
COLL,193626569,193626569,NASDAQ.NMS
VONG,79020258,79020258,NASDAQ.NMS
SNBR,294630845,294630845,NASDAQ.NMS
KC,421139451,421139451,NASDAQ.NMS
MBB,43283708,43283708,NASDAQ.NMS
MDGL,241893053,241893053,NASDAQ.NMS
SPTL,45540689,45540689,ARCA
FNF,156178034,156178034,NYSE
MHLD,51029776,51029776,NASDAQ.SCM
CSWI,206663845,206663845,NASDAQ.NMS
QTNT,152849731,152849731,NASDAQ.NMS
IMRA,409333668,409333668,NASDAQ.NMS
NESR,278169018,278169018,NASDAQ.SCM
IRT,132629528,132629528,NYSE
SUNL,501292444,501292444,NYSE
CWK,327993683,327993683,NYSE
SNA,12259,12259,NYSE
CSV,6607664,6607664,NYSE
GBIO,426832729,426832729,NASDAQ.NMS
IGMS,383748161,383748161,NASDAQ.NMS
OTRK,432280846,432280846,NASDAQ.NMS
PSTV,376939984,376939984,NASDAQ.SCM
NNN,39042404,39042404,NYSE
